unittype,patient_count,actual_avg_creatinine,dp_avg_creatinine,noise_added
CCU,1728,1.4378125,1.4296732885186292,-0.008139211481370756
Cardiac ICU,1656,1.376588164251208,1.3760387105795053,-0.00054945367170256
MICU,1368,1.2511769005847955,1.247936641306673,-0.003240259278122437
Med-Surg ICU,1368,1.2555628654970759,1.2555816445994248,1.877910234893143e-05
Neuro ICU,1224,1.4295996732026144,1.42699498492315,-0.002604688279464362
SICU,1296,1.3181558641975308,1.3138178023626197,-0.004338061834911144
