model,auroc,auprc,precision,recall,f1,accuracy,brier_score
gradient_boosting,0.9917859206004536,0.9953419874472422,0.9901181941484208,0.941588354523678,0.9652436720816018,0.9574074074074074,0.032180452125381634
