model,auroc,auprc,precision,recall,f1,accuracy,brier_score
logistic_regression,0.7464421962302927,0.8524099485270589,0.6979150579150579,0.8326884098028376,0.7593681734162325,0.6685185185185185,0.1953620332645153
